alert_id,cse,created_at,severity,closure_minutes,escalated,asset
1,CSE_Power_A,2026-06-13T03:00:00,Low,311,False,asset_8
2,CSE_Power_A,2026-02-27T04:00:00,High,588,True,asset_14
3,CSE_Power_A,2026-01-09T00:00:00,Low,268,False,asset_17
4,CSE_Power_A,2026-06-04T00:00:00,Medium,588,False,asset_14
5,CSE_Power_A,2026-02-26T14:00:00,Medium,36,False,asset_25
6,CSE_Power_A,2026-07-26T05:00:00,Medium,378,False,asset_9
7,CSE_Power_A,2026-02-09T06:00:00,Critical,374,True,asset_13
8,CSE_Power_A,2026-01-25T11:00:00,High,300,False,asset_24
9,CSE_Power_A,2026-04-28T17:00:00,Low,417,False,asset_3
10,CSE_Power_A,2026-05-22T09:00:00,High,400,True,asset_23
11,CSE_Power_A,2026-01-18T01:00:00,Medium,326,False,asset_3
12,CSE_Power_A,2026-08-07T07:00:00,High,419,True,asset_21
13,CSE_Power_A,2026-08-02T11:00:00,Low,393,False,asset_7
14,CSE_Power_A,2026-06-21T08:00:00,High,103,True,asset_6
15,CSE_Power_A,2026-05-17T23:00:00,Low,503,False,asset_13
16,CSE_Power_A,2026-03-11T20:00:00,Medium,254,False,asset_22
17,CSE_Power_A,2026-03-25T01:00:00,Low,62,False,asset_26
18,CSE_Power_A,2026-03-22T12:00:00,Low,246,False,asset_30
19,CSE_Power_A,2026-05-26T22:00:00,Low,541,False,asset_13
20,CSE_Power_A,2026-08-15T20:00:00,Medium,301,False,asset_5
21,CSE_Power_A,2026-03-05T23:00:00,Medium,299,False,asset_24
22,CSE_Power_A,2026-05-30T13:00:00,High,438,True,asset_5
23,CSE_Power_A,2026-05-11T15:00:00,Low,78,False,asset_28
24,CSE_Power_A,2026-01-29T04:00:00,Medium,462,False,asset_20
25,CSE_Power_A,2026-01-17T12:00:00,Low,509,False,asset_17
26,CSE_Power_A,2026-03-06T17:00:00,High,41,True,asset_4
27,CSE_Power_A,2026-06-24T17:00:00,High,378,True,asset_14
28,CSE_Power_A,2026-02-10T14:00:00,Low,299,False,asset_17
29,CSE_Power_A,2026-07-15T05:00:00,Medium,138,False,asset_28
30,CSE_Power_A,2026-06-10T09:00:00,High,549,True,asset_5
31,CSE_Power_A,2026-04-06T05:00:00,Medium,573,False,asset_30
32,CSE_Power_A,2026-01-01T19:00:00,Low,49,False,asset_4
33,CSE_Power_A,2026-08-26T11:00:00,High,344,True,asset_8
34,CSE_Power_A,2026-08-13T18:00:00,Critical,117,True,asset_27
35,CSE_Power_A,2026-01-18T17:00:00,High,161,True,asset_18
36,CSE_Power_A,2026-02-12T08:00:00,Medium,463,False,asset_7
37,CSE_Power_A,2026-08-26T17:00:00,High,235,True,asset_13
38,CSE_Power_A,2026-06-21T20:00:00,Low,559,False,asset_15
39,CSE_Power_A,2026-01-31T07:00:00,Low,376,False,asset_1
40,CSE_Power_A,2026-05-31T17:00:00,Low,255,False,asset_1
41,CSE_Power_A,2026-01-19T22:00:00,Medium,264,False,asset_3
42,CSE_Power_A,2026-08-20T01:00:00,High,102,True,asset_9
43,CSE_Power_A,2026-06-21T15:00:00,Low,165,False,asset_24
44,CSE_Power_A,2026-08-28T18:00:00,Medium,278,False,asset_26
45,CSE_Power_A,2026-05-02T13:00:00,Low,129,False,asset_22
46,CSE_Power_A,2026-04-21T11:00:00,Medium,508,False,asset_28
47,CSE_Power_A,2026-07-06T01:00:00,Medium,130,False,asset_2
48,CSE_Power_A,2026-04-14T23:00:00,Low,141,False,asset_8
49,CSE_Power_A,2026-02-19T06:00:00,Medium,173,False,asset_14
50,CSE_Power_A,2026-02-16T08:00:00,Medium,107,False,asset_15
51,CSE_Power_A,2026-07-26T17:00:00,Low,583,False,asset_27
52,CSE_Power_A,2026-01-04T02:00:00,Critical,272,True,asset_16
53,CSE_Power_A,2026-05-04T06:00:00,High,90,True,asset_1
54,CSE_Power_A,2026-04-10T08:00:00,Critical,495,True,asset_23
55,CSE_Power_A,2026-07-07T17:00:00,Medium,528,False,asset_5
56,CSE_Power_A,2026-02-18T09:00:00,Low,89,False,asset_19
57,CSE_Power_A,2026-07-08T17:00:00,Low,351,False,asset_2
58,CSE_Power_A,2026-01-13T18:00:00,Medium,573,False,asset_6
59,CSE_Power_A,2026-01-15T16:00:00,Low,220,False,asset_3
60,CSE_Power_A,2026-06-02T02:00:00,Medium,270,False,asset_13
61,CSE_Power_A,2026-01-31T18:00:00,Low,70,False,asset_20
62,CSE_Power_A,2026-01-21T13:00:00,Medium,565,False,asset_11
63,CSE_Power_A,2026-08-28T08:00:00,Low,351,False,asset_8
64,CSE_Power_A,2026-03-09T12:00:00,Low,337,False,asset_15
65,CSE_Power_A,2026-03-22T02:00:00,Low,132,False,asset_3
66,CSE_Power_A,2026-05-18T06:00:00,Medium,165,False,asset_30
67,CSE_Power_A,2026-03-31T02:00:00,High,408,True,asset_15
68,CSE_Power_A,2026-08-02T17:00:00,High,571,True,asset_27
69,CSE_Power_A,2026-05-22T09:00:00,Critical,136,False,asset_5
70,CSE_Power_A,2026-03-09T03:00:00,High,596,True,asset_10
71,CSE_Power_A,2026-06-04T06:00:00,High,238,True,asset_28
72,CSE_Power_A,2026-03-09T16:00:00,Medium,82,False,asset_3
73,CSE_Power_A,2026-06-12T13:00:00,High,75,True,asset_25
74,CSE_Power_A,2026-02-03T20:00:00,Critical,195,True,asset_18
75,CSE_Power_A,2026-06-30T13:00:00,Medium,144,False,asset_3
76,CSE_Power_A,2026-08-15T22:00:00,Critical,588,True,asset_12
77,CSE_Power_A,2026-05-30T17:00:00,Low,160,False,asset_2
78,CSE_Power_A,2026-03-20T11:00:00,High,70,False,asset_7
79,CSE_Power_A,2026-06-24T07:00:00,Medium,392,False,asset_25
80,CSE_Power_A,2026-05-24T13:00:00,Critical,188,False,asset_8
81,CSE_Power_A,2026-08-10T05:00:00,Critical,211,False,asset_1
82,CSE_Power_A,2026-02-15T23:00:00,Critical,451,False,asset_28
83,CSE_Power_A,2026-07-08T07:00:00,Low,140,False,asset_13
84,CSE_Power_A,2026-08-12T01:00:00,High,257,True,asset_30
85,CSE_Power_A,2026-04-28T11:00:00,Low,263,False,asset_8
86,CSE_Power_A,2026-01-07T21:00:00,Low,366,False,asset_9
87,CSE_Power_A,2026-08-10T02:00:00,Critical,315,True,asset_17
88,CSE_Power_A,2026-04-13T21:00:00,Critical,579,True,asset_1
89,CSE_Power_A,2026-01-30T08:00:00,Low,301,False,asset_2
90,CSE_Power_A,2026-01-28T19:00:00,Medium,351,False,asset_14
91,CSE_Power_A,2026-06-05T16:00:00,Low,224,False,asset_9
92,CSE_Power_A,2026-01-12T22:00:00,Medium,562,False,asset_30
93,CSE_Power_A,2026-07-26T17:00:00,Medium,231,False,asset_12
94,CSE_Power_A,2026-04-21T02:00:00,Critical,368,True,asset_22
95,CSE_Power_A,2026-08-06T03:00:00,High,337,True,asset_22
96,CSE_Power_A,2026-04-15T10:00:00,Medium,332,False,asset_18
97,CSE_Power_A,2026-02-02T06:00:00,Medium,418,False,asset_22
98,CSE_Power_A,2026-07-11T05:00:00,Medium,338,False,asset_13
99,CSE_Power_A,2026-05-21T00:00:00,Low,245,False,asset_14
100,CSE_Power_A,2026-07-21T18:00:00,Medium,359,False,asset_15
101,CSE_Power_A,2026-04-24T14:00:00,Medium,553,False,asset_16
102,CSE_Power_A,2026-07-23T23:00:00,Low,116,False,asset_10
103,CSE_Power_A,2026-05-12T21:00:00,Medium,373,False,asset_3
104,CSE_Power_A,2026-07-29T07:00:00,Medium,260,False,asset_26
105,CSE_Power_A,2026-02-20T04:00:00,Low,280,False,asset_16
106,CSE_Power_A,2026-06-06T02:00:00,Medium,229,False,asset_23
107,CSE_Power_A,2026-06-28T12:00:00,Medium,279,False,asset_5
108,CSE_Power_A,2026-06-17T22:00:00,Low,139,False,asset_25
109,CSE_Power_A,2026-04-19T07:00:00,Low,560,False,asset_15
110,CSE_Power_A,2026-01-13T17:00:00,Low,154,False,asset_15
111,CSE_Power_A,2026-02-04T14:00:00,Medium,354,False,asset_25
112,CSE_Power_A,2026-08-17T14:00:00,Medium,546,False,asset_14
113,CSE_Power_A,2026-08-01T17:00:00,Medium,192,False,asset_24
114,CSE_Power_A,2026-08-09T15:00:00,Medium,283,False,asset_27
115,CSE_Power_A,2026-06-13T08:00:00,High,563,True,asset_8
116,CSE_Power_A,2026-03-12T14:00:00,Low,322,False,asset_8
117,CSE_Power_A,2026-03-11T10:00:00,Low,583,False,asset_3
118,CSE_Power_A,2026-02-05T04:00:00,Low,186,False,asset_23
119,CSE_Power_A,2026-02-24T02:00:00,Medium,368,False,asset_18
120,CSE_Power_A,2026-04-30T13:00:00,Low,460,False,asset_13
121,CSE_Power_A,2026-08-20T18:00:00,Critical,50,False,asset_25
122,CSE_Power_A,2026-05-28T12:00:00,Medium,390,False,asset_10
123,CSE_Power_A,2026-07-12T12:00:00,High,459,True,asset_24
124,CSE_Power_A,2026-05-20T19:00:00,High,529,True,asset_14
125,CSE_Power_A,2026-05-05T00:00:00,Low,444,False,asset_24
126,CSE_Power_A,2026-02-12T14:00:00,Critical,576,True,asset_13
127,CSE_Power_A,2026-06-01T18:00:00,Medium,115,False,asset_21
128,CSE_Power_A,2026-04-20T04:00:00,High,216,True,asset_13
129,CSE_Power_A,2026-03-25T06:00:00,Medium,375,False,asset_25
130,CSE_Power_A,2026-08-14T12:00:00,Low,461,False,asset_9
131,CSE_Power_A,2026-08-02T02:00:00,Medium,582,False,asset_2
132,CSE_Power_A,2026-03-31T07:00:00,Medium,71,False,asset_25
133,CSE_Power_A,2026-01-08T07:00:00,Low,50,False,asset_20
134,CSE_Power_A,2026-02-09T07:00:00,Low,147,False,asset_19
135,CSE_Power_A,2026-02-25T14:00:00,Medium,407,False,asset_6
136,CSE_Power_A,2026-06-05T19:00:00,Critical,147,False,asset_6
137,CSE_Power_A,2026-03-21T03:00:00,Medium,349,False,asset_19
138,CSE_Power_A,2026-06-23T12:00:00,Low,233,False,asset_3
139,CSE_Power_A,2026-06-01T22:00:00,High,278,True,asset_25
140,CSE_Power_A,2026-03-19T21:00:00,Medium,153,False,asset_26
141,CSE_Power_A,2026-05-25T01:00:00,Low,468,False,asset_22
142,CSE_Power_A,2026-04-05T02:00:00,Medium,379,False,asset_1
143,CSE_Power_A,2026-08-06T13:00:00,High,138,True,asset_12
144,CSE_Power_A,2026-06-12T14:00:00,High,475,True,asset_17
145,CSE_Power_A,2026-06-16T08:00:00,Medium,581,False,asset_25
146,CSE_Power_A,2026-05-04T14:00:00,Medium,304,False,asset_11
147,CSE_Power_A,2026-08-07T07:00:00,High,118,True,asset_15
148,CSE_Power_A,2026-03-04T14:00:00,Medium,418,False,asset_11
149,CSE_Power_A,2026-01-08T15:00:00,High,216,True,asset_12
150,CSE_Power_A,2026-07-24T08:00:00,Low,312,False,asset_18
151,CSE_Power_A,2026-01-03T16:00:00,Critical,117,True,asset_14
152,CSE_Power_A,2026-05-06T17:00:00,High,517,True,asset_16
153,CSE_Power_A,2026-04-25T00:00:00,Low,256,False,asset_13
154,CSE_Power_A,2026-06-27T07:00:00,Low,407,False,asset_16
155,CSE_Power_A,2026-05-22T16:00:00,Low,593,False,asset_11
156,CSE_Power_A,2026-04-01T22:00:00,Medium,343,False,asset_9
157,CSE_Power_A,2026-03-01T03:00:00,High,353,True,asset_18
158,CSE_Power_A,2026-07-15T22:00:00,Low,251,False,asset_24
159,CSE_Power_A,2026-05-04T08:00:00,High,567,True,asset_4
160,CSE_Power_A,2026-08-02T06:00:00,Low,399,False,asset_6
161,CSE_Power_A,2026-03-19T00:00:00,High,159,True,asset_2
162,CSE_Power_A,2026-05-22T09:00:00,Medium,159,False,asset_21
163,CSE_Power_A,2026-08-11T15:00:00,Low,42,False,asset_19
164,CSE_Power_A,2026-03-14T15:00:00,Medium,378,False,asset_6
165,CSE_Power_A,2026-01-14T08:00:00,Critical,519,True,asset_3
166,CSE_Power_A,2026-04-13T15:00:00,Low,84,False,asset_5
167,CSE_Power_A,2026-02-08T18:00:00,Critical,117,False,asset_4
168,CSE_Power_A,2026-05-23T13:00:00,Medium,261,False,asset_25
169,CSE_Power_A,2026-05-14T12:00:00,Medium,483,False,asset_10
170,CSE_Power_A,2026-08-09T18:00:00,Critical,342,True,asset_2
171,CSE_Power_A,2026-06-06T23:00:00,Low,242,False,asset_21
172,CSE_Power_A,2026-02-24T08:00:00,Medium,190,False,asset_8
173,CSE_Power_A,2026-02-14T17:00:00,Low,32,False,asset_14
174,CSE_Power_A,2026-04-26T22:00:00,Medium,328,False,asset_2
175,CSE_Power_A,2026-03-01T09:00:00,High,494,True,asset_8
176,CSE_Power_A,2026-08-25T08:00:00,High,232,True,asset_18
177,CSE_Power_A,2026-02-27T20:00:00,Low,302,False,asset_27
178,CSE_Power_A,2026-02-06T02:00:00,Low,344,False,asset_20
179,CSE_Power_A,2026-07-11T18:00:00,Critical,479,True,asset_23
180,CSE_Power_A,2026-03-19T22:00:00,Medium,308,False,asset_17
181,CSE_Power_A,2026-05-19T15:00:00,Medium,70,False,asset_29
182,CSE_Power_A,2026-04-21T23:00:00,Low,286,False,asset_1
183,CSE_Power_A,2026-01-24T07:00:00,Critical,51,False,asset_22
184,CSE_Power_A,2026-07-30T08:00:00,Medium,209,False,asset_16
185,CSE_Power_A,2026-05-13T20:00:00,Medium,314,False,asset_6
186,CSE_Power_A,2026-05-30T13:00:00,Medium,533,False,asset_3
187,CSE_Power_A,2026-05-01T11:00:00,Medium,358,False,asset_22
188,CSE_Power_A,2026-01-27T05:00:00,Low,537,False,asset_10
189,CSE_Power_A,2026-06-19T12:00:00,High,593,True,asset_3
190,CSE_Power_A,2026-03-22T08:00:00,Low,443,False,asset_28
191,CSE_Power_A,2026-05-12T00:00:00,Medium,585,False,asset_15
192,CSE_Power_A,2026-04-16T01:00:00,Low,400,False,asset_20
193,CSE_Power_A,2026-07-13T15:00:00,Medium,82,False,asset_7
194,CSE_Power_A,2026-03-10T17:00:00,Low,324,False,asset_15
195,CSE_Power_A,2026-08-14T22:00:00,Medium,59,False,asset_21
196,CSE_Power_A,2026-06-05T07:00:00,High,348,True,asset_18
197,CSE_Power_A,2026-04-15T02:00:00,Low,146,False,asset_15
198,CSE_Power_A,2026-01-31T20:00:00,High,540,False,asset_10
199,CSE_Power_A,2026-05-11T22:00:00,Low,524,False,asset_16
200,CSE_Power_A,2026-03-04T14:00:00,Medium,422,False,asset_7
201,CSE_Bank_B,2026-08-24T19:00:00,Medium,169,False,asset_28
202,CSE_Bank_B,2026-01-18T08:00:00,High,454,True,asset_26
203,CSE_Bank_B,2026-05-10T08:00:00,High,319,True,asset_27
204,CSE_Bank_B,2026-05-31T18:00:00,Critical,531,False,asset_15
205,CSE_Bank_B,2026-05-18T15:00:00,Low,595,False,asset_25
206,CSE_Bank_B,2026-05-20T12:00:00,Medium,359,False,asset_28
207,CSE_Bank_B,2026-02-18T22:00:00,Low,422,False,asset_8
208,CSE_Bank_B,2026-08-08T13:00:00,Low,514,False,asset_23
209,CSE_Bank_B,2026-08-22T12:00:00,Low,185,False,asset_16
210,CSE_Bank_B,2026-01-10T04:00:00,Medium,369,False,asset_28
211,CSE_Bank_B,2026-01-26T14:00:00,Low,497,False,asset_1
212,CSE_Bank_B,2026-07-04T04:00:00,Medium,188,False,asset_3
213,CSE_Bank_B,2026-05-01T08:00:00,Low,437,False,asset_21
214,CSE_Bank_B,2026-01-21T10:00:00,High,576,True,asset_11
215,CSE_Bank_B,2026-06-10T22:00:00,High,529,False,asset_2
216,CSE_Bank_B,2026-06-08T02:00:00,Low,324,False,asset_8
217,CSE_Bank_B,2026-07-11T02:00:00,Medium,130,False,asset_25
218,CSE_Bank_B,2026-06-12T22:00:00,High,484,True,asset_10
219,CSE_Bank_B,2026-08-20T00:00:00,Low,87,False,asset_10
220,CSE_Bank_B,2026-04-02T11:00:00,Medium,280,False,asset_17
221,CSE_Bank_B,2026-04-16T18:00:00,Medium,214,False,asset_6
222,CSE_Bank_B,2026-02-14T02:00:00,Medium,421,False,asset_20
223,CSE_Bank_B,2026-06-24T07:00:00,Medium,176,False,asset_8
224,CSE_Bank_B,2026-04-29T20:00:00,Low,291,False,asset_22
225,CSE_Bank_B,2026-01-03T14:00:00,Critical,589,True,asset_15
226,CSE_Bank_B,2026-03-30T18:00:00,Low,464,False,asset_23
227,CSE_Bank_B,2026-03-06T14:00:00,High,233,False,asset_28
228,CSE_Bank_B,2026-05-04T03:00:00,Low,397,False,asset_19
229,CSE_Bank_B,2026-03-17T22:00:00,Low,435,False,asset_9
230,CSE_Bank_B,2026-01-03T18:00:00,High,80,False,asset_24
231,CSE_Bank_B,2026-05-08T09:00:00,High,265,True,asset_12
232,CSE_Bank_B,2026-02-26T20:00:00,Low,286,False,asset_22
233,CSE_Bank_B,2026-07-13T23:00:00,High,170,True,asset_29
234,CSE_Bank_B,2026-06-10T20:00:00,Low,481,False,asset_2
235,CSE_Bank_B,2026-05-29T11:00:00,High,122,False,asset_11
236,CSE_Bank_B,2026-07-11T13:00:00,Low,165,False,asset_26
237,CSE_Bank_B,2026-05-19T11:00:00,Medium,309,False,asset_27
238,CSE_Bank_B,2026-02-12T08:00:00,Critical,523,False,asset_10
239,CSE_Bank_B,2026-07-11T10:00:00,High,509,False,asset_5
240,CSE_Bank_B,2026-07-13T07:00:00,High,436,False,asset_26
241,CSE_Bank_B,2026-05-23T11:00:00,Low,434,False,asset_1
242,CSE_Bank_B,2026-03-09T17:00:00,Low,407,False,asset_22
243,CSE_Bank_B,2026-07-11T21:00:00,Low,420,False,asset_27
244,CSE_Bank_B,2026-06-13T11:00:00,Low,269,False,asset_16
245,CSE_Bank_B,2026-01-07T19:00:00,High,365,False,asset_8
246,CSE_Bank_B,2026-06-15T02:00:00,Medium,505,False,asset_30
247,CSE_Bank_B,2026-06-29T09:00:00,Medium,149,False,asset_5
248,CSE_Bank_B,2026-01-12T01:00:00,Low,534,False,asset_4
249,CSE_Bank_B,2026-01-25T07:00:00,High,168,True,asset_12
250,CSE_Bank_B,2026-06-21T23:00:00,Medium,583,False,asset_14
251,CSE_Bank_B,2026-05-31T23:00:00,High,454,True,asset_27
252,CSE_Bank_B,2026-05-06T19:00:00,Medium,316,False,asset_2
253,CSE_Bank_B,2026-06-26T11:00:00,Low,485,False,asset_8
254,CSE_Bank_B,2026-08-07T11:00:00,Low,406,False,asset_18
255,CSE_Bank_B,2026-08-19T20:00:00,Low,437,False,asset_9
256,CSE_Bank_B,2026-02-18T03:00:00,Critical,495,True,asset_7
257,CSE_Bank_B,2026-06-14T20:00:00,Medium,51,False,asset_2
258,CSE_Bank_B,2026-07-21T10:00:00,Low,158,False,asset_26
259,CSE_Bank_B,2026-05-25T06:00:00,Low,597,False,asset_7
260,CSE_Bank_B,2026-05-31T06:00:00,High,268,True,asset_5
261,CSE_Bank_B,2026-07-21T19:00:00,Low,178,False,asset_5
262,CSE_Bank_B,2026-05-19T08:00:00,High,142,True,asset_1
263,CSE_Bank_B,2026-02-03T00:00:00,Low,273,False,asset_19
264,CSE_Bank_B,2026-03-24T00:00:00,Low,83,False,asset_5
265,CSE_Bank_B,2026-07-09T13:00:00,Medium,95,False,asset_16
266,CSE_Bank_B,2026-04-25T11:00:00,Medium,141,False,asset_15
267,CSE_Bank_B,2026-05-09T07:00:00,Critical,74,True,asset_30
268,CSE_Bank_B,2026-08-10T21:00:00,Medium,499,False,asset_21
269,CSE_Bank_B,2026-01-08T01:00:00,Critical,441,True,asset_4
270,CSE_Bank_B,2026-05-06T22:00:00,Critical,105,False,asset_11
271,CSE_Bank_B,2026-06-05T04:00:00,Low,311,False,asset_20
272,CSE_Bank_B,2026-06-12T18:00:00,Medium,362,False,asset_13
273,CSE_Bank_B,2026-06-02T16:00:00,Low,547,False,asset_20
274,CSE_Bank_B,2026-04-21T03:00:00,High,147,False,asset_21
275,CSE_Bank_B,2026-08-13T17:00:00,High,250,True,asset_29
276,CSE_Bank_B,2026-02-28T13:00:00,Low,494,False,asset_13
277,CSE_Bank_B,2026-04-17T23:00:00,Low,467,False,asset_11
278,CSE_Bank_B,2026-06-20T08:00:00,Low,186,False,asset_22
279,CSE_Bank_B,2026-08-25T15:00:00,Low,117,False,asset_3
280,CSE_Bank_B,2026-04-21T03:00:00,High,411,False,asset_18
281,CSE_Bank_B,2026-01-16T18:00:00,Critical,367,True,asset_14
282,CSE_Bank_B,2026-04-01T21:00:00,Critical,463,False,asset_24
283,CSE_Bank_B,2026-01-14T09:00:00,Medium,390,False,asset_4
284,CSE_Bank_B,2026-05-28T16:00:00,Low,523,False,asset_8
285,CSE_Bank_B,2026-08-05T03:00:00,Low,599,False,asset_12
286,CSE_Bank_B,2026-01-30T08:00:00,Medium,469,False,asset_28
287,CSE_Bank_B,2026-05-24T19:00:00,Medium,600,False,asset_1
288,CSE_Bank_B,2026-06-05T21:00:00,High,303,True,asset_9
289,CSE_Bank_B,2026-06-29T09:00:00,Critical,389,True,asset_28
290,CSE_Bank_B,2026-02-06T18:00:00,Medium,101,False,asset_5
291,CSE_Bank_B,2026-07-09T20:00:00,Critical,123,True,asset_7
292,CSE_Bank_B,2026-04-07T13:00:00,Medium,191,False,asset_12
293,CSE_Bank_B,2026-03-21T23:00:00,Low,116,False,asset_29
294,CSE_Bank_B,2026-01-14T04:00:00,Low,80,False,asset_22
295,CSE_Bank_B,2026-01-21T08:00:00,Medium,464,False,asset_16
296,CSE_Bank_B,2026-06-05T14:00:00,Medium,250,False,asset_25
297,CSE_Bank_B,2026-05-12T03:00:00,Low,143,False,asset_10
298,CSE_Bank_B,2026-06-23T21:00:00,Medium,569,False,asset_22
299,CSE_Bank_B,2026-03-20T01:00:00,Low,86,False,asset_1
300,CSE_Bank_B,2026-02-22T09:00:00,Critical,170,False,asset_10
301,CSE_Bank_B,2026-03-25T03:00:00,Low,470,False,asset_6
302,CSE_Bank_B,2026-02-03T12:00:00,Medium,265,False,asset_17
303,CSE_Bank_B,2026-05-24T21:00:00,High,103,True,asset_24
304,CSE_Bank_B,2026-01-11T13:00:00,Low,109,False,asset_28
305,CSE_Bank_B,2026-03-22T18:00:00,Medium,444,False,asset_23
306,CSE_Bank_B,2026-06-13T13:00:00,Low,444,False,asset_1
307,CSE_Bank_B,2026-03-25T05:00:00,High,501,False,asset_30
308,CSE_Bank_B,2026-04-03T02:00:00,Medium,138,False,asset_8
309,CSE_Bank_B,2026-04-22T18:00:00,Medium,110,False,asset_13
310,CSE_Bank_B,2026-08-11T09:00:00,High,256,True,asset_6
311,CSE_Bank_B,2026-01-20T16:00:00,Medium,573,False,asset_17
312,CSE_Bank_B,2026-02-19T11:00:00,Low,181,False,asset_8
313,CSE_Bank_B,2026-01-27T04:00:00,Low,207,False,asset_20
314,CSE_Bank_B,2026-02-09T20:00:00,Low,535,False,asset_15
315,CSE_Bank_B,2026-07-13T18:00:00,High,489,True,asset_29
316,CSE_Bank_B,2026-05-25T20:00:00,Medium,360,False,asset_28
317,CSE_Bank_B,2026-06-10T10:00:00,Low,99,False,asset_16
318,CSE_Bank_B,2026-04-24T20:00:00,Low,311,False,asset_19
319,CSE_Bank_B,2026-01-15T11:00:00,Medium,347,False,asset_15
320,CSE_Bank_B,2026-04-26T01:00:00,Low,323,False,asset_3
321,CSE_Bank_B,2026-06-15T02:00:00,Medium,549,False,asset_13
322,CSE_Bank_B,2026-04-29T18:00:00,Medium,72,False,asset_15
323,CSE_Bank_B,2026-08-21T18:00:00,Medium,359,False,asset_20
324,CSE_Bank_B,2026-05-02T16:00:00,Low,93,False,asset_15
325,CSE_Bank_B,2026-01-27T10:00:00,Critical,116,True,asset_6
326,CSE_Bank_B,2026-01-11T07:00:00,High,479,True,asset_20
327,CSE_Bank_B,2026-02-10T11:00:00,Low,319,False,asset_13
328,CSE_Bank_B,2026-04-15T10:00:00,Medium,83,False,asset_26
329,CSE_Bank_B,2026-06-11T20:00:00,Low,367,False,asset_4
330,CSE_Bank_B,2026-05-23T21:00:00,Low,288,False,asset_24
331,CSE_Bank_B,2026-08-07T21:00:00,Critical,183,True,asset_19
332,CSE_Bank_B,2026-06-19T04:00:00,Critical,347,False,asset_23
333,CSE_Bank_B,2026-06-19T12:00:00,Low,116,False,asset_10
334,CSE_Bank_B,2026-05-24T12:00:00,Medium,366,False,asset_27
335,CSE_Bank_B,2026-02-02T21:00:00,High,569,True,asset_22
336,CSE_Bank_B,2026-04-19T16:00:00,Low,401,False,asset_10
337,CSE_Bank_B,2026-02-16T06:00:00,Low,527,False,asset_7
338,CSE_Bank_B,2026-02-27T04:00:00,Low,332,False,asset_28
339,CSE_Bank_B,2026-07-21T03:00:00,Medium,582,False,asset_27
340,CSE_Bank_B,2026-07-09T16:00:00,Low,374,False,asset_29
341,CSE_Bank_B,2026-07-16T19:00:00,Low,415,False,asset_5
342,CSE_Bank_B,2026-02-11T05:00:00,High,199,True,asset_2
343,CSE_Bank_B,2026-04-16T11:00:00,Medium,273,False,asset_15
344,CSE_Bank_B,2026-06-06T09:00:00,High,489,True,asset_8
345,CSE_Bank_B,2026-03-21T15:00:00,Critical,228,True,asset_19
346,CSE_Bank_B,2026-04-23T14:00:00,High,421,True,asset_14
347,CSE_Bank_B,2026-02-11T06:00:00,High,171,False,asset_2
348,CSE_Bank_B,2026-06-14T15:00:00,High,597,False,asset_23
349,CSE_Bank_B,2026-08-05T16:00:00,High,321,True,asset_6
350,CSE_Bank_B,2026-03-11T14:00:00,Critical,180,False,asset_3
351,CSE_Bank_B,2026-08-22T07:00:00,High,387,False,asset_14
352,CSE_Bank_B,2026-01-14T12:00:00,Medium,271,False,asset_13
353,CSE_Bank_B,2026-01-21T11:00:00,Low,356,False,asset_30
354,CSE_Bank_B,2026-01-26T22:00:00,Medium,179,False,asset_5
355,CSE_Bank_B,2026-01-10T09:00:00,Critical,513,True,asset_5
356,CSE_Bank_B,2026-07-14T22:00:00,Medium,35,False,asset_29
357,CSE_Bank_B,2026-01-21T00:00:00,Low,183,False,asset_18
358,CSE_Bank_B,2026-08-29T23:00:00,Medium,463,False,asset_4
359,CSE_Bank_B,2026-07-18T09:00:00,Low,154,False,asset_2
360,CSE_Bank_B,2026-03-03T13:00:00,Medium,498,False,asset_3
361,CSE_Bank_B,2026-01-29T15:00:00,Medium,46,False,asset_21
362,CSE_Bank_B,2026-05-12T18:00:00,Low,177,False,asset_10
363,CSE_Bank_B,2026-04-20T00:00:00,Medium,276,False,asset_19
364,CSE_Bank_B,2026-04-17T05:00:00,Medium,117,False,asset_17
365,CSE_Bank_B,2026-04-03T02:00:00,Critical,587,True,asset_17
366,CSE_Bank_B,2026-05-22T00:00:00,Low,511,False,asset_2
367,CSE_Bank_B,2026-06-12T12:00:00,Critical,289,True,asset_12
368,CSE_Bank_B,2026-07-21T02:00:00,Low,136,False,asset_25
369,CSE_Bank_B,2026-05-29T23:00:00,High,166,True,asset_18
370,CSE_Bank_B,2026-03-28T20:00:00,Low,505,False,asset_23
371,CSE_Bank_B,2026-05-03T20:00:00,Low,168,False,asset_3
372,CSE_Bank_B,2026-07-03T14:00:00,Low,236,False,asset_2
373,CSE_Bank_B,2026-07-22T06:00:00,High,353,False,asset_17
374,CSE_Bank_B,2026-04-12T17:00:00,Medium,67,False,asset_25
375,CSE_Bank_B,2026-06-15T06:00:00,Low,78,False,asset_28
376,CSE_Bank_B,2026-06-17T10:00:00,Low,406,False,asset_14
377,CSE_Bank_B,2026-08-16T12:00:00,High,425,True,asset_6
378,CSE_Bank_B,2026-05-08T22:00:00,Medium,561,False,asset_9
379,CSE_Bank_B,2026-07-25T02:00:00,High,110,True,asset_27
380,CSE_Bank_B,2026-02-16T17:00:00,Low,135,False,asset_3
381,CSE_Bank_B,2026-03-25T21:00:00,Low,486,False,asset_20
382,CSE_Bank_B,2026-07-03T13:00:00,Low,484,False,asset_12
383,CSE_Bank_B,2026-04-25T01:00:00,High,391,True,asset_14
384,CSE_Bank_B,2026-03-12T20:00:00,Critical,88,True,asset_21
385,CSE_Bank_B,2026-04-14T11:00:00,Medium,193,False,asset_1
386,CSE_Bank_B,2026-02-06T19:00:00,Medium,478,False,asset_2
387,CSE_Bank_B,2026-02-02T02:00:00,Low,405,False,asset_12
388,CSE_Bank_B,2026-04-09T18:00:00,Low,187,False,asset_22
389,CSE_Bank_B,2026-04-26T11:00:00,Low,108,False,asset_19
390,CSE_Bank_B,2026-02-05T16:00:00,Low,351,False,asset_21
391,CSE_Bank_B,2026-03-13T07:00:00,Critical,56,True,asset_16
392,CSE_Bank_B,2026-05-13T12:00:00,Critical,150,True,asset_9
393,CSE_Bank_B,2026-06-30T14:00:00,Low,322,False,asset_23
394,CSE_Bank_B,2026-08-23T15:00:00,Low,168,False,asset_28
395,CSE_Bank_B,2026-01-19T14:00:00,Low,485,False,asset_3
396,CSE_Bank_B,2026-07-27T21:00:00,Critical,357,True,asset_23
397,CSE_Bank_B,2026-01-17T17:00:00,Medium,337,False,asset_28
398,CSE_Bank_B,2026-02-10T22:00:00,High,208,False,asset_17
399,CSE_Bank_B,2026-02-27T03:00:00,Critical,172,True,asset_16
400,CSE_Bank_B,2026-01-07T11:00:00,Medium,407,False,asset_15
401,CSE_Telecom_C,2026-07-25T17:00:00,Low,118,False,asset_3
402,CSE_Telecom_C,2026-03-21T12:00:00,Critical,520,True,asset_25
403,CSE_Telecom_C,2026-04-15T18:00:00,Low,354,False,asset_21
404,CSE_Telecom_C,2026-01-19T14:00:00,Medium,559,False,asset_12
405,CSE_Telecom_C,2026-02-02T17:00:00,Medium,216,False,asset_25
406,CSE_Telecom_C,2026-02-03T13:00:00,Medium,86,False,asset_27
407,CSE_Telecom_C,2026-02-01T16:00:00,Low,198,False,asset_6
408,CSE_Telecom_C,2026-03-24T22:00:00,Low,561,False,asset_29
409,CSE_Telecom_C,2026-03-14T02:00:00,Low,594,False,asset_9
410,CSE_Telecom_C,2026-02-02T20:00:00,Low,576,False,asset_3
411,CSE_Telecom_C,2026-05-09T20:00:00,Low,187,False,asset_6
412,CSE_Telecom_C,2026-06-18T19:00:00,High,375,False,asset_19
413,CSE_Telecom_C,2026-01-11T00:00:00,Low,301,False,asset_21
414,CSE_Telecom_C,2026-02-23T18:00:00,Medium,61,False,asset_16
415,CSE_Telecom_C,2026-08-16T20:00:00,Medium,339,False,asset_16
416,CSE_Telecom_C,2026-03-04T21:00:00,Medium,494,False,asset_3
417,CSE_Telecom_C,2026-06-26T01:00:00,Low,455,False,asset_16
418,CSE_Telecom_C,2026-04-29T06:00:00,Low,177,False,asset_11
419,CSE_Telecom_C,2026-08-09T22:00:00,Low,383,False,asset_13
420,CSE_Telecom_C,2026-02-03T11:00:00,Medium,138,False,asset_11
421,CSE_Telecom_C,2026-03-03T14:00:00,Low,490,False,asset_8
422,CSE_Telecom_C,2026-02-06T03:00:00,Low,423,False,asset_28
423,CSE_Telecom_C,2026-06-07T13:00:00,Low,193,False,asset_27
424,CSE_Telecom_C,2026-03-25T18:00:00,High,224,False,asset_16
425,CSE_Telecom_C,2026-05-12T14:00:00,Medium,345,False,asset_16
426,CSE_Telecom_C,2026-01-06T02:00:00,Critical,547,True,asset_8
427,CSE_Telecom_C,2026-02-25T18:00:00,Low,81,False,asset_10
428,CSE_Telecom_C,2026-05-07T19:00:00,High,511,True,asset_1
429,CSE_Telecom_C,2026-08-05T03:00:00,Medium,300,False,asset_24
430,CSE_Telecom_C,2026-04-04T12:00:00,Low,440,False,asset_2
431,CSE_Telecom_C,2026-05-26T17:00:00,Low,596,False,asset_10
432,CSE_Telecom_C,2026-01-19T12:00:00,Medium,593,False,asset_9
433,CSE_Telecom_C,2026-07-31T19:00:00,Medium,151,False,asset_5
434,CSE_Telecom_C,2026-01-25T12:00:00,Low,377,False,asset_18
435,CSE_Telecom_C,2026-08-29T11:00:00,High,233,True,asset_13
436,CSE_Telecom_C,2026-05-09T01:00:00,Low,170,False,asset_23
437,CSE_Telecom_C,2026-03-27T15:00:00,Medium,182,False,asset_20
438,CSE_Telecom_C,2026-08-17T16:00:00,Low,356,False,asset_6
439,CSE_Telecom_C,2026-04-11T19:00:00,High,336,True,asset_17
440,CSE_Telecom_C,2026-08-01T16:00:00,Medium,336,False,asset_16
441,CSE_Telecom_C,2026-07-28T00:00:00,Low,142,False,asset_14
442,CSE_Telecom_C,2026-05-30T09:00:00,High,57,True,asset_9
443,CSE_Telecom_C,2026-06-17T18:00:00,Medium,82,False,asset_19
444,CSE_Telecom_C,2026-05-03T05:00:00,Medium,419,False,asset_5
445,CSE_Telecom_C,2026-07-30T21:00:00,Low,142,False,asset_7
446,CSE_Telecom_C,2026-01-05T14:00:00,Low,185,False,asset_14
447,CSE_Telecom_C,2026-06-26T06:00:00,Medium,512,False,asset_28
448,CSE_Telecom_C,2026-08-06T23:00:00,High,171,True,asset_18
449,CSE_Telecom_C,2026-03-25T21:00:00,Medium,415,False,asset_11
450,CSE_Telecom_C,2026-02-14T14:00:00,Critical,380,True,asset_22
451,CSE_Telecom_C,2026-07-17T23:00:00,Medium,300,False,asset_20
452,CSE_Telecom_C,2026-05-04T06:00:00,Critical,315,True,asset_8
453,CSE_Telecom_C,2026-03-18T09:00:00,High,530,True,asset_12
454,CSE_Telecom_C,2026-05-24T23:00:00,Low,154,False,asset_19
455,CSE_Telecom_C,2026-06-23T17:00:00,Low,434,False,asset_27
456,CSE_Telecom_C,2026-03-30T04:00:00,Low,324,False,asset_23
457,CSE_Telecom_C,2026-01-21T11:00:00,Critical,292,True,asset_7
458,CSE_Telecom_C,2026-02-21T17:00:00,Low,308,False,asset_5
459,CSE_Telecom_C,2026-01-28T19:00:00,High,275,True,asset_22
460,CSE_Telecom_C,2026-08-20T16:00:00,Low,268,False,asset_2
461,CSE_Telecom_C,2026-01-26T13:00:00,Low,513,False,asset_4
462,CSE_Telecom_C,2026-06-24T04:00:00,Low,593,False,asset_30
463,CSE_Telecom_C,2026-02-10T13:00:00,Medium,517,False,asset_16
464,CSE_Telecom_C,2026-06-16T06:00:00,High,324,True,asset_21
465,CSE_Telecom_C,2026-01-16T02:00:00,Medium,267,False,asset_18
466,CSE_Telecom_C,2026-07-09T23:00:00,High,68,False,asset_6
467,CSE_Telecom_C,2026-04-17T05:00:00,Critical,67,False,asset_13
468,CSE_Telecom_C,2026-07-21T15:00:00,Low,326,False,asset_29
469,CSE_Telecom_C,2026-01-10T00:00:00,Low,139,False,asset_30
470,CSE_Telecom_C,2026-03-27T09:00:00,Medium,586,False,asset_17
471,CSE_Telecom_C,2026-05-07T04:00:00,High,509,True,asset_26
472,CSE_Telecom_C,2026-01-29T10:00:00,Low,499,False,asset_21
473,CSE_Telecom_C,2026-03-07T22:00:00,Low,375,False,asset_26
474,CSE_Telecom_C,2026-03-17T18:00:00,Medium,227,False,asset_6
475,CSE_Telecom_C,2026-06-06T20:00:00,High,467,True,asset_3
476,CSE_Telecom_C,2026-04-13T21:00:00,Low,173,False,asset_16
477,CSE_Telecom_C,2026-03-24T07:00:00,Low,422,False,asset_8
478,CSE_Telecom_C,2026-04-25T08:00:00,Critical,339,True,asset_19
479,CSE_Telecom_C,2026-01-03T08:00:00,Medium,271,False,asset_2
480,CSE_Telecom_C,2026-06-20T03:00:00,Medium,193,False,asset_13
481,CSE_Telecom_C,2026-06-25T16:00:00,Critical,348,True,asset_21
482,CSE_Telecom_C,2026-08-23T09:00:00,Low,256,False,asset_8
483,CSE_Telecom_C,2026-02-04T15:00:00,Low,412,False,asset_14
484,CSE_Telecom_C,2026-06-29T17:00:00,Critical,580,False,asset_27
485,CSE_Telecom_C,2026-02-25T07:00:00,Medium,113,False,asset_17
486,CSE_Telecom_C,2026-04-25T16:00:00,High,109,False,asset_4
487,CSE_Telecom_C,2026-01-16T17:00:00,Critical,237,True,asset_5
488,CSE_Telecom_C,2026-02-12T10:00:00,High,482,True,asset_7
489,CSE_Telecom_C,2026-07-03T18:00:00,Medium,552,False,asset_15
490,CSE_Telecom_C,2026-07-27T01:00:00,Medium,555,False,asset_14
491,CSE_Telecom_C,2026-04-27T18:00:00,Low,503,False,asset_22
492,CSE_Telecom_C,2026-07-26T09:00:00,High,435,True,asset_1
493,CSE_Telecom_C,2026-07-10T06:00:00,Medium,76,False,asset_14
494,CSE_Telecom_C,2026-03-30T22:00:00,Low,91,False,asset_30
495,CSE_Telecom_C,2026-08-17T02:00:00,Critical,513,True,asset_14
496,CSE_Telecom_C,2026-02-16T04:00:00,High,460,True,asset_29
497,CSE_Telecom_C,2026-04-08T14:00:00,High,416,True,asset_22
498,CSE_Telecom_C,2026-06-19T17:00:00,Low,386,False,asset_4
499,CSE_Telecom_C,2026-02-15T17:00:00,Low,160,False,asset_24
500,CSE_Telecom_C,2026-02-27T00:00:00,High,335,True,asset_24
501,CSE_Telecom_C,2026-05-20T13:00:00,Medium,265,False,asset_8
502,CSE_Telecom_C,2026-04-28T11:00:00,Low,223,False,asset_30
503,CSE_Telecom_C,2026-08-13T23:00:00,High,62,False,asset_14
504,CSE_Telecom_C,2026-06-07T00:00:00,Low,98,False,asset_4
505,CSE_Telecom_C,2026-06-02T01:00:00,Medium,79,False,asset_8
506,CSE_Telecom_C,2026-07-09T01:00:00,Medium,269,False,asset_18
507,CSE_Telecom_C,2026-02-25T01:00:00,Low,326,False,asset_8
508,CSE_Telecom_C,2026-07-28T23:00:00,Medium,358,False,asset_8
509,CSE_Telecom_C,2026-03-19T04:00:00,Critical,563,True,asset_10
510,CSE_Telecom_C,2026-03-12T01:00:00,Medium,209,False,asset_21
511,CSE_Telecom_C,2026-06-23T13:00:00,Medium,78,False,asset_12
512,CSE_Telecom_C,2026-06-14T21:00:00,Low,567,False,asset_11
513,CSE_Telecom_C,2026-06-28T13:00:00,Medium,337,False,asset_13
514,CSE_Telecom_C,2026-02-17T17:00:00,Medium,260,False,asset_10
515,CSE_Telecom_C,2026-08-08T22:00:00,Low,504,False,asset_30
516,CSE_Telecom_C,2026-01-15T17:00:00,Medium,456,False,asset_18
517,CSE_Telecom_C,2026-05-16T04:00:00,Low,291,False,asset_7
518,CSE_Telecom_C,2026-03-26T20:00:00,Low,490,False,asset_28
519,CSE_Telecom_C,2026-04-05T02:00:00,Medium,225,False,asset_2
520,CSE_Telecom_C,2026-03-10T12:00:00,Medium,70,False,asset_28
521,CSE_Telecom_C,2026-01-19T06:00:00,High,252,True,asset_28
522,CSE_Telecom_C,2026-08-21T10:00:00,Low,45,False,asset_7
523,CSE_Telecom_C,2026-08-28T06:00:00,Critical,150,True,asset_25
524,CSE_Telecom_C,2026-05-03T07:00:00,Medium,239,False,asset_13
525,CSE_Telecom_C,2026-08-23T07:00:00,Medium,319,False,asset_13
526,CSE_Telecom_C,2026-04-30T17:00:00,Medium,345,False,asset_9
527,CSE_Telecom_C,2026-04-03T16:00:00,High,507,True,asset_24
528,CSE_Telecom_C,2026-05-01T10:00:00,Critical,409,True,asset_2
529,CSE_Telecom_C,2026-05-25T07:00:00,High,46,True,asset_30
530,CSE_Telecom_C,2026-05-30T18:00:00,High,332,True,asset_11
531,CSE_Telecom_C,2026-02-28T12:00:00,Medium,281,False,asset_16
532,CSE_Telecom_C,2026-05-21T20:00:00,Critical,375,True,asset_27
533,CSE_Telecom_C,2026-05-06T23:00:00,Medium,532,False,asset_15
534,CSE_Telecom_C,2026-02-13T23:00:00,High,203,True,asset_18
535,CSE_Telecom_C,2026-05-06T05:00:00,Critical,585,False,asset_2
536,CSE_Telecom_C,2026-05-15T01:00:00,High,106,False,asset_22
537,CSE_Telecom_C,2026-01-13T00:00:00,Medium,266,False,asset_3
538,CSE_Telecom_C,2026-07-01T04:00:00,Low,547,False,asset_15
539,CSE_Telecom_C,2026-04-06T01:00:00,Medium,524,False,asset_22
540,CSE_Telecom_C,2026-05-05T00:00:00,Low,594,False,asset_14
541,CSE_Telecom_C,2026-01-04T00:00:00,Medium,311,False,asset_18
542,CSE_Telecom_C,2026-03-15T00:00:00,Medium,470,False,asset_26
543,CSE_Telecom_C,2026-08-29T05:00:00,Low,128,False,asset_17
544,CSE_Telecom_C,2026-02-08T07:00:00,Low,569,False,asset_9
545,CSE_Telecom_C,2026-07-28T11:00:00,Low,436,False,asset_3
546,CSE_Telecom_C,2026-04-06T12:00:00,Medium,279,False,asset_23
547,CSE_Telecom_C,2026-02-27T09:00:00,Medium,112,False,asset_21
548,CSE_Telecom_C,2026-08-08T20:00:00,High,125,True,asset_13
549,CSE_Telecom_C,2026-05-22T15:00:00,Low,39,False,asset_23
550,CSE_Telecom_C,2026-02-13T02:00:00,Medium,474,False,asset_21
551,CSE_Telecom_C,2026-07-20T10:00:00,Medium,127,False,asset_29
552,CSE_Telecom_C,2026-05-16T01:00:00,Low,516,False,asset_9
553,CSE_Telecom_C,2026-01-12T02:00:00,Medium,317,False,asset_29
554,CSE_Telecom_C,2026-05-20T18:00:00,Medium,213,False,asset_30
555,CSE_Telecom_C,2026-08-06T10:00:00,Low,242,False,asset_19
556,CSE_Telecom_C,2026-02-06T22:00:00,High,108,True,asset_19
557,CSE_Telecom_C,2026-03-03T18:00:00,High,428,True,asset_18
558,CSE_Telecom_C,2026-03-26T12:00:00,High,173,False,asset_23
559,CSE_Telecom_C,2026-07-05T02:00:00,Medium,384,False,asset_2
560,CSE_Telecom_C,2026-01-26T13:00:00,Low,107,False,asset_11
561,CSE_Telecom_C,2026-06-04T19:00:00,Critical,436,False,asset_11
562,CSE_Telecom_C,2026-01-08T20:00:00,Low,491,False,asset_16
563,CSE_Telecom_C,2026-02-28T11:00:00,Medium,414,False,asset_14
564,CSE_Telecom_C,2026-02-17T21:00:00,Medium,419,False,asset_3
565,CSE_Telecom_C,2026-07-17T19:00:00,Low,282,False,asset_23
566,CSE_Telecom_C,2026-01-19T02:00:00,Low,419,False,asset_23
567,CSE_Telecom_C,2026-07-20T20:00:00,Low,428,False,asset_11
568,CSE_Telecom_C,2026-04-03T03:00:00,Low,345,False,asset_15
569,CSE_Telecom_C,2026-04-03T08:00:00,Low,119,False,asset_6
570,CSE_Telecom_C,2026-04-21T14:00:00,Medium,554,False,asset_14
571,CSE_Telecom_C,2026-01-27T00:00:00,Low,597,False,asset_3
572,CSE_Telecom_C,2026-06-02T19:00:00,High,424,True,asset_14
573,CSE_Telecom_C,2026-04-10T02:00:00,High,278,True,asset_6
574,CSE_Telecom_C,2026-06-25T12:00:00,Low,305,False,asset_10
575,CSE_Telecom_C,2026-03-10T15:00:00,Low,201,False,asset_14
576,CSE_Telecom_C,2026-03-12T13:00:00,Low,108,False,asset_12
577,CSE_Telecom_C,2026-03-06T07:00:00,High,537,True,asset_7
578,CSE_Telecom_C,2026-04-28T03:00:00,Low,36,False,asset_13
579,CSE_Telecom_C,2026-03-27T19:00:00,Low,367,False,asset_15
580,CSE_Telecom_C,2026-03-27T13:00:00,High,169,True,asset_20
581,CSE_Telecom_C,2026-06-27T06:00:00,Medium,211,False,asset_13
582,CSE_Telecom_C,2026-03-23T09:00:00,High,532,False,asset_26
583,CSE_Telecom_C,2026-03-04T10:00:00,Low,432,False,asset_12
584,CSE_Telecom_C,2026-01-30T18:00:00,Low,588,False,asset_6
585,CSE_Telecom_C,2026-06-24T17:00:00,Low,502,False,asset_23
586,CSE_Telecom_C,2026-02-23T14:00:00,High,100,False,asset_26
587,CSE_Telecom_C,2026-07-23T13:00:00,Medium,172,False,asset_21
588,CSE_Telecom_C,2026-03-19T07:00:00,Low,187,False,asset_23
589,CSE_Telecom_C,2026-04-19T12:00:00,Low,520,False,asset_19
590,CSE_Telecom_C,2026-04-13T17:00:00,Medium,458,False,asset_18
591,CSE_Telecom_C,2026-01-10T11:00:00,High,579,True,asset_30
592,CSE_Telecom_C,2026-01-22T03:00:00,High,393,True,asset_20
593,CSE_Telecom_C,2026-01-12T18:00:00,Critical,439,False,asset_11
594,CSE_Telecom_C,2026-07-23T13:00:00,Low,130,False,asset_9
595,CSE_Telecom_C,2026-02-26T16:00:00,High,256,True,asset_13
596,CSE_Telecom_C,2026-04-29T21:00:00,Medium,542,False,asset_5
597,CSE_Telecom_C,2026-03-30T00:00:00,Medium,332,False,asset_14
598,CSE_Telecom_C,2026-08-24T02:00:00,Low,175,False,asset_12
599,CSE_Telecom_C,2026-03-21T10:00:00,Medium,241,False,asset_17
600,CSE_Telecom_C,2026-05-04T11:00:00,Medium,478,False,asset_24
601,CSE_Transport_D,2026-06-28T14:00:00,Low,337,False,asset_2
602,CSE_Transport_D,2026-07-27T22:00:00,Low,381,False,asset_21
603,CSE_Transport_D,2026-01-28T21:00:00,High,279,True,asset_18
604,CSE_Transport_D,2026-02-10T10:00:00,Medium,503,False,asset_8
605,CSE_Transport_D,2026-07-24T12:00:00,Medium,220,False,asset_21
606,CSE_Transport_D,2026-06-18T13:00:00,Low,232,False,asset_15
607,CSE_Transport_D,2026-06-01T13:00:00,Low,249,False,asset_7
608,CSE_Transport_D,2026-03-13T22:00:00,High,94,True,asset_26
609,CSE_Transport_D,2026-08-12T17:00:00,Low,363,False,asset_7
610,CSE_Transport_D,2026-04-28T03:00:00,Low,531,False,asset_17
611,CSE_Transport_D,2026-06-13T10:00:00,Medium,431,False,asset_19
612,CSE_Transport_D,2026-01-30T11:00:00,Low,498,False,asset_20
613,CSE_Transport_D,2026-02-14T21:00:00,High,334,False,asset_19
614,CSE_Transport_D,2026-01-22T21:00:00,Low,150,False,asset_8
615,CSE_Transport_D,2026-03-20T03:00:00,Low,174,False,asset_17
616,CSE_Transport_D,2026-04-10T13:00:00,Medium,422,False,asset_14
617,CSE_Transport_D,2026-02-17T15:00:00,Medium,207,False,asset_18
618,CSE_Transport_D,2026-02-12T15:00:00,Low,221,False,asset_11
619,CSE_Transport_D,2026-08-04T14:00:00,Medium,397,False,asset_1
620,CSE_Transport_D,2026-05-05T04:00:00,Low,423,False,asset_18
621,CSE_Transport_D,2026-05-10T20:00:00,Medium,533,False,asset_14
622,CSE_Transport_D,2026-07-01T14:00:00,Medium,114,False,asset_19
623,CSE_Transport_D,2026-01-08T07:00:00,Low,311,False,asset_8
624,CSE_Transport_D,2026-05-18T09:00:00,Low,498,False,asset_19
625,CSE_Transport_D,2026-07-10T15:00:00,Medium,145,False,asset_19
626,CSE_Transport_D,2026-01-30T08:00:00,High,405,True,asset_25
627,CSE_Transport_D,2026-01-11T23:00:00,Medium,253,False,asset_14
628,CSE_Transport_D,2026-01-27T23:00:00,High,283,True,asset_2
629,CSE_Transport_D,2026-04-26T08:00:00,Low,119,False,asset_15
630,CSE_Transport_D,2026-08-10T03:00:00,High,272,True,asset_24
631,CSE_Transport_D,2026-05-31T22:00:00,Low,468,False,asset_6
632,CSE_Transport_D,2026-06-07T04:00:00,High,241,False,asset_19
633,CSE_Transport_D,2026-03-31T17:00:00,Low,581,False,asset_6
634,CSE_Transport_D,2026-03-24T22:00:00,Low,303,False,asset_28
635,CSE_Transport_D,2026-05-12T21:00:00,High,168,False,asset_26
636,CSE_Transport_D,2026-04-16T01:00:00,Critical,159,True,asset_5
637,CSE_Transport_D,2026-03-05T04:00:00,High,283,False,asset_22
638,CSE_Transport_D,2026-04-11T15:00:00,Low,305,False,asset_21
639,CSE_Transport_D,2026-04-17T12:00:00,Medium,125,False,asset_13
640,CSE_Transport_D,2026-05-12T23:00:00,Low,407,False,asset_15
641,CSE_Transport_D,2026-05-05T10:00:00,Medium,125,False,asset_24
642,CSE_Transport_D,2026-04-28T20:00:00,Medium,396,False,asset_28
643,CSE_Transport_D,2026-01-17T17:00:00,Low,469,False,asset_27
644,CSE_Transport_D,2026-02-24T15:00:00,Low,320,False,asset_11
645,CSE_Transport_D,2026-05-21T18:00:00,Low,526,False,asset_26
646,CSE_Transport_D,2026-03-29T21:00:00,High,77,True,asset_26
647,CSE_Transport_D,2026-08-03T14:00:00,Low,191,False,asset_15
648,CSE_Transport_D,2026-04-27T00:00:00,Critical,468,True,asset_23
649,CSE_Transport_D,2026-08-21T04:00:00,High,339,True,asset_30
650,CSE_Transport_D,2026-08-13T08:00:00,Low,399,False,asset_9
651,CSE_Transport_D,2026-01-22T11:00:00,Medium,199,False,asset_2
652,CSE_Transport_D,2026-04-12T20:00:00,Low,269,False,asset_14
653,CSE_Transport_D,2026-06-17T02:00:00,High,31,True,asset_3
654,CSE_Transport_D,2026-02-03T18:00:00,Low,485,False,asset_1
655,CSE_Transport_D,2026-01-03T22:00:00,Low,153,False,asset_28
656,CSE_Transport_D,2026-04-19T22:00:00,Low,102,False,asset_8
657,CSE_Transport_D,2026-04-09T02:00:00,High,134,True,asset_12
658,CSE_Transport_D,2026-08-14T09:00:00,Low,166,False,asset_21
659,CSE_Transport_D,2026-06-23T04:00:00,Low,38,False,asset_20
660,CSE_Transport_D,2026-06-16T05:00:00,Medium,248,False,asset_21
661,CSE_Transport_D,2026-07-11T04:00:00,Critical,483,False,asset_3
662,CSE_Transport_D,2026-08-18T03:00:00,Low,156,False,asset_19
663,CSE_Transport_D,2026-07-06T12:00:00,Low,469,False,asset_11
664,CSE_Transport_D,2026-07-22T04:00:00,Low,116,False,asset_8
665,CSE_Transport_D,2026-05-22T19:00:00,Medium,321,False,asset_25
666,CSE_Transport_D,2026-08-29T22:00:00,Low,338,False,asset_7
667,CSE_Transport_D,2026-05-13T19:00:00,Medium,431,False,asset_10
668,CSE_Transport_D,2026-06-15T01:00:00,High,275,True,asset_4
669,CSE_Transport_D,2026-03-03T15:00:00,Medium,102,False,asset_17
670,CSE_Transport_D,2026-08-16T00:00:00,Critical,354,True,asset_28
671,CSE_Transport_D,2026-08-03T18:00:00,Medium,589,False,asset_22
672,CSE_Transport_D,2026-02-14T15:00:00,Critical,104,True,asset_3
673,CSE_Transport_D,2026-01-04T08:00:00,Low,91,False,asset_26
674,CSE_Transport_D,2026-04-12T16:00:00,Low,543,False,asset_25
675,CSE_Transport_D,2026-04-17T13:00:00,High,114,True,asset_18
676,CSE_Transport_D,2026-06-07T04:00:00,Low,347,False,asset_3
677,CSE_Transport_D,2026-05-11T06:00:00,Critical,189,True,asset_13
678,CSE_Transport_D,2026-05-31T20:00:00,High,97,True,asset_14
679,CSE_Transport_D,2026-07-06T07:00:00,Low,118,False,asset_30
680,CSE_Transport_D,2026-04-22T03:00:00,Medium,86,False,asset_10
681,CSE_Transport_D,2026-06-20T23:00:00,Medium,209,False,asset_4
682,CSE_Transport_D,2026-01-04T22:00:00,Low,41,False,asset_6
683,CSE_Transport_D,2026-05-08T11:00:00,Medium,295,False,asset_6
684,CSE_Transport_D,2026-04-06T04:00:00,High,305,True,asset_4
685,CSE_Transport_D,2026-07-17T00:00:00,Low,469,False,asset_9
686,CSE_Transport_D,2026-05-15T02:00:00,Low,108,False,asset_16
687,CSE_Transport_D,2026-04-27T16:00:00,Low,541,False,asset_28
688,CSE_Transport_D,2026-05-26T05:00:00,Low,291,False,asset_25
689,CSE_Transport_D,2026-01-27T18:00:00,Medium,148,False,asset_8
690,CSE_Transport_D,2026-07-09T16:00:00,Low,42,False,asset_8
691,CSE_Transport_D,2026-01-12T15:00:00,Low,183,False,asset_6
692,CSE_Transport_D,2026-08-27T01:00:00,Medium,459,False,asset_8
693,CSE_Transport_D,2026-03-24T07:00:00,Medium,357,False,asset_9
694,CSE_Transport_D,2026-07-31T02:00:00,Medium,152,False,asset_17
695,CSE_Transport_D,2026-06-22T01:00:00,Low,558,False,asset_2
696,CSE_Transport_D,2026-04-13T02:00:00,High,319,False,asset_10
697,CSE_Transport_D,2026-03-25T02:00:00,Medium,38,False,asset_12
698,CSE_Transport_D,2026-02-21T09:00:00,Medium,341,False,asset_24
699,CSE_Transport_D,2026-06-09T07:00:00,Medium,535,False,asset_25
700,CSE_Transport_D,2026-07-18T06:00:00,High,589,False,asset_8
701,CSE_Transport_D,2026-02-08T00:00:00,Critical,54,True,asset_12
702,CSE_Transport_D,2026-06-12T22:00:00,High,373,True,asset_22
703,CSE_Transport_D,2026-04-07T23:00:00,High,136,True,asset_8
704,CSE_Transport_D,2026-04-18T15:00:00,Critical,175,True,asset_3
705,CSE_Transport_D,2026-01-12T07:00:00,High,562,True,asset_29
706,CSE_Transport_D,2026-04-06T14:00:00,Critical,116,True,asset_17
707,CSE_Transport_D,2026-02-04T20:00:00,High,106,True,asset_2
708,CSE_Transport_D,2026-04-22T21:00:00,Critical,272,True,asset_28
709,CSE_Transport_D,2026-03-22T12:00:00,High,364,True,asset_9
710,CSE_Transport_D,2026-03-01T02:00:00,Critical,169,False,asset_19
711,CSE_Transport_D,2026-01-28T04:00:00,Low,490,False,asset_15
712,CSE_Transport_D,2026-03-22T13:00:00,Low,396,False,asset_25
713,CSE_Transport_D,2026-02-23T14:00:00,Low,301,False,asset_28
714,CSE_Transport_D,2026-01-31T02:00:00,Low,341,False,asset_27
715,CSE_Transport_D,2026-06-30T22:00:00,Medium,250,False,asset_27
716,CSE_Transport_D,2026-08-08T10:00:00,Low,284,False,asset_12
717,CSE_Transport_D,2026-04-12T16:00:00,Low,336,False,asset_9
718,CSE_Transport_D,2026-07-29T05:00:00,Low,444,False,asset_28
719,CSE_Transport_D,2026-04-26T17:00:00,High,285,True,asset_4
720,CSE_Transport_D,2026-07-25T04:00:00,Low,93,False,asset_27
721,CSE_Transport_D,2026-07-19T07:00:00,Low,440,False,asset_12
722,CSE_Transport_D,2026-06-25T20:00:00,Critical,116,True,asset_9
723,CSE_Transport_D,2026-08-23T02:00:00,Low,96,False,asset_7
724,CSE_Transport_D,2026-08-20T20:00:00,Medium,161,False,asset_3
725,CSE_Transport_D,2026-08-20T10:00:00,Low,502,False,asset_2
726,CSE_Transport_D,2026-02-13T18:00:00,Medium,434,False,asset_16
727,CSE_Transport_D,2026-01-08T12:00:00,Medium,206,False,asset_12
728,CSE_Transport_D,2026-02-24T05:00:00,Low,486,False,asset_29
729,CSE_Transport_D,2026-02-08T01:00:00,Medium,281,False,asset_21
730,CSE_Transport_D,2026-03-17T15:00:00,Medium,593,False,asset_16
731,CSE_Transport_D,2026-01-16T02:00:00,Low,170,False,asset_14
732,CSE_Transport_D,2026-02-21T20:00:00,High,568,True,asset_26
733,CSE_Transport_D,2026-05-20T00:00:00,Critical,397,True,asset_26
734,CSE_Transport_D,2026-05-05T11:00:00,Critical,544,True,asset_9
735,CSE_Transport_D,2026-02-16T00:00:00,Low,254,False,asset_1
736,CSE_Transport_D,2026-08-18T08:00:00,Low,513,False,asset_17
737,CSE_Transport_D,2026-04-02T18:00:00,Critical,193,True,asset_22
738,CSE_Transport_D,2026-03-03T08:00:00,Medium,87,False,asset_25
739,CSE_Transport_D,2026-02-26T18:00:00,High,427,True,asset_27
740,CSE_Transport_D,2026-08-05T05:00:00,Low,355,False,asset_26
741,CSE_Transport_D,2026-07-08T22:00:00,Low,58,False,asset_23
742,CSE_Transport_D,2026-06-29T11:00:00,Critical,175,True,asset_7
743,CSE_Transport_D,2026-08-03T15:00:00,Medium,209,False,asset_16
744,CSE_Transport_D,2026-01-10T02:00:00,Low,254,False,asset_1
745,CSE_Transport_D,2026-05-15T15:00:00,Low,236,False,asset_26
746,CSE_Transport_D,2026-02-03T10:00:00,High,361,True,asset_5
747,CSE_Transport_D,2026-05-31T22:00:00,Critical,143,False,asset_28
748,CSE_Transport_D,2026-04-04T02:00:00,Low,435,False,asset_19
749,CSE_Transport_D,2026-01-26T10:00:00,Low,169,False,asset_6
750,CSE_Transport_D,2026-07-07T13:00:00,High,528,True,asset_6
751,CSE_Transport_D,2026-07-01T17:00:00,Medium,395,False,asset_8
752,CSE_Transport_D,2026-06-20T18:00:00,High,417,True,asset_23
753,CSE_Transport_D,2026-03-17T04:00:00,Low,31,False,asset_23
754,CSE_Transport_D,2026-05-27T12:00:00,High,63,True,asset_11
755,CSE_Transport_D,2026-08-24T19:00:00,Low,136,False,asset_30
756,CSE_Transport_D,2026-05-08T04:00:00,Low,109,False,asset_8
757,CSE_Transport_D,2026-03-30T10:00:00,Low,120,False,asset_27
758,CSE_Transport_D,2026-07-01T21:00:00,Medium,373,False,asset_15
759,CSE_Transport_D,2026-01-03T08:00:00,Low,99,False,asset_12
760,CSE_Transport_D,2026-03-07T03:00:00,High,79,True,asset_24
761,CSE_Transport_D,2026-04-18T05:00:00,High,534,False,asset_12
762,CSE_Transport_D,2026-05-20T12:00:00,Low,520,False,asset_26
763,CSE_Transport_D,2026-08-10T18:00:00,Medium,260,False,asset_6
764,CSE_Transport_D,2026-04-26T02:00:00,High,64,True,asset_11
765,CSE_Transport_D,2026-03-08T03:00:00,Low,204,False,asset_29
766,CSE_Transport_D,2026-04-07T05:00:00,High,590,False,asset_3
767,CSE_Transport_D,2026-03-28T19:00:00,Critical,524,True,asset_14
768,CSE_Transport_D,2026-06-17T05:00:00,Medium,474,False,asset_6
769,CSE_Transport_D,2026-01-14T03:00:00,Low,224,False,asset_14
770,CSE_Transport_D,2026-06-28T17:00:00,High,583,True,asset_10
771,CSE_Transport_D,2026-03-18T07:00:00,Low,432,False,asset_19
772,CSE_Transport_D,2026-05-21T15:00:00,Low,399,False,asset_1
773,CSE_Transport_D,2026-04-20T02:00:00,Low,521,False,asset_7
774,CSE_Transport_D,2026-01-25T00:00:00,Low,328,False,asset_3
775,CSE_Transport_D,2026-05-02T03:00:00,Low,437,False,asset_16
776,CSE_Transport_D,2026-05-06T21:00:00,Low,587,False,asset_13
777,CSE_Transport_D,2026-02-17T11:00:00,High,408,True,asset_2
778,CSE_Transport_D,2026-03-09T14:00:00,Medium,261,False,asset_27
779,CSE_Transport_D,2026-03-10T18:00:00,Low,129,False,asset_3
780,CSE_Transport_D,2026-06-21T11:00:00,High,453,False,asset_19
781,CSE_Transport_D,2026-02-28T17:00:00,Low,426,False,asset_27
782,CSE_Transport_D,2026-05-14T13:00:00,Critical,516,True,asset_8
783,CSE_Transport_D,2026-05-02T09:00:00,Low,65,False,asset_17
784,CSE_Transport_D,2026-05-27T16:00:00,High,180,True,asset_25
785,CSE_Transport_D,2026-04-25T05:00:00,Critical,201,False,asset_26
786,CSE_Transport_D,2026-02-19T04:00:00,Low,110,False,asset_22
787,CSE_Transport_D,2026-04-22T06:00:00,Critical,181,False,asset_9
788,CSE_Transport_D,2026-03-23T23:00:00,Critical,98,True,asset_18
789,CSE_Transport_D,2026-04-12T17:00:00,Low,312,False,asset_17
790,CSE_Transport_D,2026-04-28T00:00:00,High,565,False,asset_4
791,CSE_Transport_D,2026-04-17T04:00:00,Low,132,False,asset_30
792,CSE_Transport_D,2026-01-28T18:00:00,High,322,False,asset_29
793,CSE_Transport_D,2026-03-30T13:00:00,Low,527,False,asset_19
794,CSE_Transport_D,2026-06-05T15:00:00,Low,312,False,asset_13
795,CSE_Transport_D,2026-02-06T19:00:00,Medium,441,False,asset_2
796,CSE_Transport_D,2026-04-12T10:00:00,Medium,80,False,asset_24
797,CSE_Transport_D,2026-05-02T08:00:00,High,50,True,asset_26
798,CSE_Transport_D,2026-03-19T09:00:00,Low,533,False,asset_28
799,CSE_Transport_D,2026-06-28T21:00:00,Low,263,False,asset_5
800,CSE_Transport_D,2026-03-18T23:00:00,Medium,358,False,asset_9
801,CSE_Bank_E,2026-07-06T13:00:00,Medium,3,False,asset_7
802,CSE_Bank_E,2026-04-24T06:00:00,Critical,8,False,asset_25
803,CSE_Bank_E,2026-05-13T11:00:00,High,10,False,asset_26
804,CSE_Bank_E,2026-02-10T02:00:00,Low,10,False,asset_13
805,CSE_Bank_E,2026-02-04T16:00:00,High,2,False,asset_6
806,CSE_Bank_E,2026-02-19T06:00:00,High,5,False,asset_2
807,CSE_Bank_E,2026-04-27T01:00:00,Critical,13,False,asset_12
808,CSE_Bank_E,2026-07-30T14:00:00,Medium,12,False,asset_30
809,CSE_Bank_E,2026-02-01T21:00:00,Low,7,False,asset_16
810,CSE_Bank_E,2026-06-02T14:00:00,Low,15,False,asset_16
811,CSE_Bank_E,2026-05-31T17:00:00,Low,4,False,asset_27
812,CSE_Bank_E,2026-08-17T08:00:00,High,13,False,asset_3
813,CSE_Bank_E,2026-03-14T00:00:00,Low,4,False,asset_28
814,CSE_Bank_E,2026-05-27T06:00:00,High,12,False,asset_8
815,CSE_Bank_E,2026-06-23T06:00:00,Low,8,False,asset_17
816,CSE_Bank_E,2026-01-06T21:00:00,Low,4,False,asset_21
817,CSE_Bank_E,2026-02-14T19:00:00,High,5,False,asset_9
818,CSE_Bank_E,2026-06-05T09:00:00,High,13,False,asset_21
819,CSE_Bank_E,2026-03-12T13:00:00,High,15,False,asset_12
820,CSE_Bank_E,2026-04-28T08:00:00,Low,6,False,asset_22
821,CSE_Bank_E,2026-05-14T19:00:00,Low,3,False,asset_1
822,CSE_Bank_E,2026-05-11T21:00:00,Critical,15,False,asset_21
823,CSE_Bank_E,2026-06-02T19:00:00,Low,12,False,asset_4
824,CSE_Bank_E,2026-05-04T02:00:00,Low,6,False,asset_21
825,CSE_Bank_E,2026-03-25T08:00:00,Low,13,False,asset_29
826,CSE_Bank_E,2026-06-16T09:00:00,Low,10,False,asset_25
827,CSE_Bank_E,2026-03-03T01:00:00,High,14,False,asset_26
828,CSE_Bank_E,2026-06-03T12:00:00,Medium,12,False,asset_5
829,CSE_Bank_E,2026-07-04T00:00:00,Medium,6,False,asset_9
830,CSE_Bank_E,2026-08-21T13:00:00,Medium,13,False,asset_2
831,CSE_Bank_E,2026-05-30T22:00:00,Critical,15,False,asset_24
832,CSE_Bank_E,2026-07-02T07:00:00,Medium,12,False,asset_26
833,CSE_Bank_E,2026-05-02T21:00:00,Low,6,False,asset_28
834,CSE_Bank_E,2026-02-13T21:00:00,High,4,False,asset_10
835,CSE_Bank_E,2026-01-25T15:00:00,Low,6,False,asset_24
836,CSE_Bank_E,2026-07-26T17:00:00,High,4,False,asset_22
837,CSE_Bank_E,2026-08-19T10:00:00,Medium,5,False,asset_12
838,CSE_Bank_E,2026-02-27T23:00:00,High,8,False,asset_26
839,CSE_Bank_E,2026-08-16T10:00:00,Low,11,False,asset_10
840,CSE_Bank_E,2026-04-29T03:00:00,Medium,15,False,asset_21
841,CSE_Bank_E,2026-05-30T18:00:00,Critical,3,False,asset_7
842,CSE_Bank_E,2026-05-09T03:00:00,High,8,False,asset_17
843,CSE_Bank_E,2026-03-18T13:00:00,Low,15,False,asset_5
844,CSE_Bank_E,2026-02-05T06:00:00,Low,11,False,asset_29
845,CSE_Bank_E,2026-08-21T14:00:00,Low,15,False,asset_23
846,CSE_Bank_E,2026-02-16T02:00:00,Medium,12,False,asset_6
847,CSE_Bank_E,2026-03-22T20:00:00,Low,9,False,asset_9
848,CSE_Bank_E,2026-02-23T05:00:00,Medium,4,False,asset_16
849,CSE_Bank_E,2026-07-21T02:00:00,Low,8,False,asset_21
850,CSE_Bank_E,2026-04-20T12:00:00,Medium,9,False,asset_13
851,CSE_Bank_E,2026-01-02T01:00:00,Medium,13,False,asset_12
852,CSE_Bank_E,2026-01-04T10:00:00,High,10,False,asset_7
853,CSE_Bank_E,2026-01-05T21:00:00,Low,13,False,asset_8
854,CSE_Bank_E,2026-02-27T22:00:00,High,6,False,asset_5
855,CSE_Bank_E,2026-01-27T12:00:00,Medium,6,False,asset_6
856,CSE_Bank_E,2026-01-17T01:00:00,Low,6,False,asset_15
857,CSE_Bank_E,2026-07-06T16:00:00,Medium,7,False,asset_14
858,CSE_Bank_E,2026-08-16T21:00:00,Critical,7,False,asset_16
859,CSE_Bank_E,2026-04-02T06:00:00,Low,14,False,asset_13
860,CSE_Bank_E,2026-01-05T07:00:00,Low,4,False,asset_7
861,CSE_Bank_E,2026-07-07T00:00:00,Medium,4,False,asset_4
862,CSE_Bank_E,2026-04-04T22:00:00,Medium,2,False,asset_13
863,CSE_Bank_E,2026-08-13T20:00:00,Low,10,False,asset_20
864,CSE_Bank_E,2026-01-13T19:00:00,Critical,12,True,asset_27
865,CSE_Bank_E,2026-01-06T01:00:00,Medium,8,False,asset_15
866,CSE_Bank_E,2026-04-08T03:00:00,Medium,9,False,asset_23
867,CSE_Bank_E,2026-02-09T06:00:00,Medium,12,False,asset_1
868,CSE_Bank_E,2026-03-19T13:00:00,Medium,12,False,asset_17
869,CSE_Bank_E,2026-03-11T19:00:00,Medium,4,False,asset_14
870,CSE_Bank_E,2026-08-01T03:00:00,Medium,11,False,asset_4
871,CSE_Bank_E,2026-03-14T03:00:00,High,9,False,asset_7
872,CSE_Bank_E,2026-06-05T06:00:00,High,15,False,asset_17
873,CSE_Bank_E,2026-02-21T11:00:00,High,6,False,asset_6
874,CSE_Bank_E,2026-01-11T17:00:00,Medium,5,False,asset_23
875,CSE_Bank_E,2026-08-27T15:00:00,Low,2,False,asset_1
876,CSE_Bank_E,2026-06-21T02:00:00,Critical,15,False,asset_16
877,CSE_Bank_E,2026-02-08T02:00:00,High,3,False,asset_24
878,CSE_Bank_E,2026-07-05T03:00:00,Critical,12,False,asset_10
879,CSE_Bank_E,2026-03-09T14:00:00,Low,15,False,asset_6
880,CSE_Bank_E,2026-08-12T01:00:00,High,7,False,asset_26
881,CSE_Bank_E,2026-06-23T10:00:00,Medium,3,False,asset_4
882,CSE_Bank_E,2026-08-06T01:00:00,Low,4,False,asset_22
883,CSE_Bank_E,2026-06-15T05:00:00,Low,9,False,asset_20
884,CSE_Bank_E,2026-03-10T23:00:00,Low,15,False,asset_11
885,CSE_Bank_E,2026-02-16T03:00:00,Medium,9,False,asset_9
886,CSE_Bank_E,2026-08-02T12:00:00,Medium,9,False,asset_26
887,CSE_Bank_E,2026-04-18T20:00:00,High,4,False,asset_4
888,CSE_Bank_E,2026-02-03T22:00:00,High,15,False,asset_6
889,CSE_Bank_E,2026-01-27T13:00:00,Critical,9,False,asset_22
890,CSE_Bank_E,2026-04-23T05:00:00,Medium,14,False,asset_12
891,CSE_Bank_E,2026-06-06T00:00:00,High,15,False,asset_24
892,CSE_Bank_E,2026-08-17T04:00:00,Medium,9,False,asset_4
893,CSE_Bank_E,2026-08-16T13:00:00,Medium,3,False,asset_9
894,CSE_Bank_E,2026-06-17T10:00:00,Low,15,False,asset_22
895,CSE_Bank_E,2026-05-15T23:00:00,Medium,11,False,asset_8
896,CSE_Bank_E,2026-06-21T10:00:00,Medium,13,False,asset_23
897,CSE_Bank_E,2026-06-08T03:00:00,Medium,13,False,asset_8
898,CSE_Bank_E,2026-05-04T11:00:00,Medium,12,False,asset_13
899,CSE_Bank_E,2026-02-08T17:00:00,High,11,False,asset_2
900,CSE_Bank_E,2026-01-03T20:00:00,Critical,10,False,asset_28
901,CSE_Bank_E,2026-05-07T05:00:00,Low,9,False,asset_11
902,CSE_Bank_E,2026-03-03T10:00:00,Critical,2,False,asset_18
903,CSE_Bank_E,2026-06-14T12:00:00,Medium,5,False,asset_3
904,CSE_Bank_E,2026-04-28T14:00:00,High,9,False,asset_3
905,CSE_Bank_E,2026-08-08T15:00:00,Medium,3,False,asset_16
906,CSE_Bank_E,2026-07-10T20:00:00,Low,8,False,asset_14
907,CSE_Bank_E,2026-01-10T17:00:00,Medium,15,False,asset_3
908,CSE_Bank_E,2026-07-22T19:00:00,Critical,12,False,asset_17
909,CSE_Bank_E,2026-05-24T06:00:00,Medium,9,False,asset_11
910,CSE_Bank_E,2026-04-04T01:00:00,High,15,False,asset_15
911,CSE_Bank_E,2026-03-26T17:00:00,High,11,False,asset_16
912,CSE_Bank_E,2026-07-03T21:00:00,Low,9,False,asset_4
913,CSE_Bank_E,2026-01-25T21:00:00,Low,7,False,asset_12
914,CSE_Bank_E,2026-08-01T20:00:00,Critical,6,False,asset_12
915,CSE_Bank_E,2026-06-29T03:00:00,Low,4,False,asset_16
916,CSE_Bank_E,2026-02-05T22:00:00,High,8,False,asset_4
917,CSE_Bank_E,2026-03-07T19:00:00,Low,3,False,asset_30
918,CSE_Bank_E,2026-08-07T12:00:00,Low,15,False,asset_26
919,CSE_Bank_E,2026-02-18T22:00:00,Low,14,False,asset_14
920,CSE_Bank_E,2026-01-12T20:00:00,High,11,False,asset_4
921,CSE_Bank_E,2026-07-17T14:00:00,Medium,11,False,asset_17
922,CSE_Bank_E,2026-02-04T15:00:00,Low,13,False,asset_2
923,CSE_Bank_E,2026-05-22T13:00:00,High,9,False,asset_30
924,CSE_Bank_E,2026-05-11T05:00:00,Medium,4,False,asset_24
925,CSE_Bank_E,2026-07-28T04:00:00,Low,12,False,asset_20
926,CSE_Bank_E,2026-06-05T10:00:00,Medium,8,False,asset_14
927,CSE_Bank_E,2026-06-05T22:00:00,High,6,False,asset_13
928,CSE_Bank_E,2026-03-29T09:00:00,Medium,4,False,asset_5
929,CSE_Bank_E,2026-04-16T19:00:00,High,13,False,asset_17
930,CSE_Bank_E,2026-03-18T22:00:00,Medium,7,False,asset_23
931,CSE_Bank_E,2026-07-08T17:00:00,Medium,5,False,asset_7
932,CSE_Bank_E,2026-06-09T22:00:00,Low,7,False,asset_30
933,CSE_Bank_E,2026-06-22T04:00:00,Critical,12,False,asset_6
934,CSE_Bank_E,2026-05-09T17:00:00,Medium,7,False,asset_23
935,CSE_Bank_E,2026-01-30T11:00:00,Medium,11,False,asset_19
936,CSE_Bank_E,2026-06-20T22:00:00,Medium,13,False,asset_29
937,CSE_Bank_E,2026-08-04T17:00:00,Low,15,False,asset_14
938,CSE_Bank_E,2026-07-26T00:00:00,Medium,2,False,asset_13
939,CSE_Bank_E,2026-02-07T01:00:00,Medium,5,False,asset_9
940,CSE_Bank_E,2026-07-12T05:00:00,Critical,12,False,asset_27
941,CSE_Bank_E,2026-01-16T22:00:00,High,5,False,asset_25
942,CSE_Bank_E,2026-05-19T01:00:00,Low,9,False,asset_4
943,CSE_Bank_E,2026-06-07T21:00:00,High,15,False,asset_8
944,CSE_Bank_E,2026-07-10T20:00:00,Medium,5,False,asset_17
945,CSE_Bank_E,2026-07-20T22:00:00,Low,12,False,asset_2
946,CSE_Bank_E,2026-08-26T12:00:00,Low,14,False,asset_22
947,CSE_Bank_E,2026-03-22T17:00:00,Low,13,False,asset_9
948,CSE_Bank_E,2026-02-21T19:00:00,High,15,False,asset_28
949,CSE_Bank_E,2026-04-24T07:00:00,Critical,13,False,asset_12
950,CSE_Bank_E,2026-07-13T18:00:00,Medium,11,False,asset_7
951,CSE_Bank_E,2026-07-18T23:00:00,Critical,6,False,asset_22
952,CSE_Bank_E,2026-01-20T05:00:00,Critical,13,False,asset_13
953,CSE_Bank_E,2026-01-11T13:00:00,Low,6,False,asset_5
954,CSE_Bank_E,2026-02-11T18:00:00,High,2,False,asset_11
955,CSE_Bank_E,2026-04-30T22:00:00,Critical,2,False,asset_11
956,CSE_Bank_E,2026-06-02T01:00:00,High,12,False,asset_20
957,CSE_Bank_E,2026-08-04T21:00:00,Low,14,False,asset_19
958,CSE_Bank_E,2026-05-21T11:00:00,Low,13,False,asset_11
959,CSE_Bank_E,2026-05-15T07:00:00,Critical,10,True,asset_17
960,CSE_Bank_E,2026-02-10T13:00:00,Medium,8,False,asset_3
961,CSE_Bank_E,2026-03-31T07:00:00,High,12,False,asset_11
962,CSE_Bank_E,2026-03-26T11:00:00,Low,14,False,asset_20
963,CSE_Bank_E,2026-05-16T15:00:00,Critical,15,False,asset_21
964,CSE_Bank_E,2026-01-03T03:00:00,Medium,9,False,asset_8
965,CSE_Bank_E,2026-08-20T20:00:00,Medium,11,False,asset_8
966,CSE_Bank_E,2026-01-11T21:00:00,High,8,False,asset_30
967,CSE_Bank_E,2026-07-23T03:00:00,Low,10,False,asset_24
968,CSE_Bank_E,2026-03-14T00:00:00,Critical,15,False,asset_17
969,CSE_Bank_E,2026-07-25T16:00:00,Medium,2,False,asset_10
970,CSE_Bank_E,2026-08-18T20:00:00,Low,10,False,asset_3
971,CSE_Bank_E,2026-01-25T05:00:00,Critical,14,False,asset_1
972,CSE_Bank_E,2026-06-10T02:00:00,Low,12,False,asset_25
973,CSE_Bank_E,2026-02-24T21:00:00,Medium,3,False,asset_7
974,CSE_Bank_E,2026-05-18T22:00:00,High,13,False,asset_25
975,CSE_Bank_E,2026-04-22T20:00:00,High,3,False,asset_24
976,CSE_Bank_E,2026-06-25T04:00:00,Low,13,False,asset_11
977,CSE_Bank_E,2026-01-10T02:00:00,Low,4,False,asset_26
978,CSE_Bank_E,2026-03-06T17:00:00,Low,15,False,asset_8
979,CSE_Bank_E,2026-08-22T08:00:00,Medium,9,False,asset_21
980,CSE_Bank_E,2026-04-14T13:00:00,Low,8,False,asset_22
981,CSE_Bank_E,2026-01-31T17:00:00,Low,13,False,asset_20
982,CSE_Bank_E,2026-01-17T23:00:00,Medium,13,False,asset_28
983,CSE_Bank_E,2026-01-19T11:00:00,Critical,3,False,asset_22
984,CSE_Bank_E,2026-03-19T19:00:00,Low,14,False,asset_30
985,CSE_Bank_E,2026-04-23T12:00:00,Low,12,False,asset_1
986,CSE_Bank_E,2026-05-02T05:00:00,Medium,4,False,asset_24
987,CSE_Bank_E,2026-04-11T17:00:00,Low,12,False,asset_5
988,CSE_Bank_E,2026-03-18T21:00:00,High,14,False,asset_28
989,CSE_Bank_E,2026-07-06T20:00:00,Low,2,False,asset_18
990,CSE_Bank_E,2026-08-12T17:00:00,Low,2,False,asset_1
991,CSE_Bank_E,2026-05-27T19:00:00,Low,10,False,asset_3
992,CSE_Bank_E,2026-03-20T06:00:00,High,13,False,asset_12
993,CSE_Bank_E,2026-02-24T13:00:00,Critical,15,False,asset_6
994,CSE_Bank_E,2026-02-17T07:00:00,Medium,6,False,asset_7
995,CSE_Bank_E,2026-01-30T05:00:00,Medium,11,False,asset_28
996,CSE_Bank_E,2026-01-14T17:00:00,Medium,10,False,asset_3
997,CSE_Bank_E,2026-03-16T21:00:00,Low,3,False,asset_7
998,CSE_Bank_E,2026-07-05T18:00:00,Medium,7,False,asset_12
999,CSE_Bank_E,2026-02-02T21:00:00,Medium,3,False,asset_10
1000,CSE_Bank_E,2026-06-08T02:00:00,Critical,7,False,asset_11
